{
    "commentaires": [
      {
        "id": 1,
        "image_id": 123,
        "pseudo": "UtilisateurA",
        "contenu": "Superbe photo!"
      },
      {
        "id": 2,
        "image_id": 123,
        "pseudo": "AmateurPhoto",
        "contenu": "J'adore les couleurs."
      },
      {
        "id": 3,
        "image_id": 456,
        "pseudo": "NatureLover",
        "contenu": "Magnifique paysage."
      },
      {
        "id": 4,
        "image_id": 456,
        "pseudo": "Voyageur123",
        "contenu": "Où a été prise cette photo?"
      },
      {
        "id": 5,
        "image_id": 789,
        "pseudo": "Artiste123",
        "contenu": "Quel bel angle de vue!"
      },
      {
        "id": 6,
        "image_id": 789,
        "pseudo": "Curieux22",
        "contenu": "Est-ce un montage?"
      },
      {
        "id": 7,
        "image_id": 1011,
        "pseudo": "PassionnéPhoto",
        "contenu": "Joli contraste."
      },
      {
        "id": 8,
        "image_id": 1011,
        "pseudo": "LandscapeFan",
        "contenu": "Bravo pour cette prise de vue."
      },
      {
        "id": 9,
        "image_id": 1314,
        "pseudo": "ArtEtNature",
        "contenu": "Les détails sont incroyables."
      },
      {
        "id": 10,
        "image_id": 1314,
        "pseudo": "PhotographeEnHerbe",
        "contenu": "Comment avez-vous réussi cela?"
      },
      {
        "id": 11,
        "image_id": 1516,
        "pseudo": "FanDeCiel",
        "contenu": "Ciel époustouflant!"
      },
      {
        "id": 12,
        "image_id": 1516,
        "pseudo": "NuitsEtoilées",
        "contenu": "Quelle belle nuit étoilée."
      },
      {
        "id": 13,
        "image_id": 1718,
        "pseudo": "VoyageurDansLeTemps",
        "contenu": "Ça me rappelle un voyage lointain."
      },
      {
        "id": 14,
        "image_id": 1718,
        "pseudo": "Exploreur77",
        "contenu": "Lumière parfaite!"
      },
      {
        "id": 15,
        "image_id": 1920,
        "pseudo": "VueSurMer",
        "contenu": "J'aimerais être là-bas en ce moment."
      },
      {
        "id": 16,
        "image_id": 1920,
        "pseudo": "OcéanPhotography",
        "contenu": "La mer est si apaisante."
      },
      {
        "id": 17,
        "image_id": 2122,
        "pseudo": "AventureExotique",
        "contenu": "Des couleurs incroyables!"
      },
      {
        "id": 18,
        "image_id": 2122,
        "pseudo": "Trekker78",
        "contenu": "On dirait un tableau."
      },
      {
        "id": 19,
        "image_id": 2324,
        "pseudo": "ExplorateurNature",
        "contenu": "Quel endroit unique!"
      },
      {
        "id": 20,
        "image_id": 2324,
        "pseudo": "NatureEnchantée",
        "contenu": "Je me sens connecté à la nature."
      }
    ]
  }
  